Date,Name,Year,Letterboxd URI
2025-01-07,Elle,2016,https://boxd.it/bdhq
2025-01-07,La Ceremonie,1995,https://boxd.it/287C
2025-01-07,Story of Women,1988,https://boxd.it/Y3o
2025-01-07,White Material,2009,https://boxd.it/NIg
2025-01-07,The White Ribbon,2009,https://boxd.it/17eU
2025-01-07,Caché,2005,https://boxd.it/2amY
2025-01-07,Secretary,2002,https://boxd.it/1URc
2025-01-14,I'm Still Here,2024,https://boxd.it/BPEO
2025-01-15,I Do Not Care If We Go Down in History as Barbarians,2018,https://boxd.it/i4Ui
2025-01-15,Mermaid Legend,1984,https://boxd.it/5bGc
2025-01-26,Carol,2015,https://boxd.it/7DPK
2025-01-26,Wake in Fright,1971,https://boxd.it/1tWk
2025-01-28,Bunnylovr,2025,https://boxd.it/QxM6
2025-02-01,Companion,2025,https://boxd.it/F04o
2025-02-05,"Sorry, Baby",2025,https://boxd.it/JKNi
2025-02-06,On the Beach at Night Alone,2017,https://boxd.it/fqEK
2025-02-06,On the Occasion of Remembering the Turning Gate,2002,https://boxd.it/wYm
2025-02-06,"Right Now, Wrong Then",2015,https://boxd.it/bWs4
2025-02-06,The Day He Arrives,2011,https://boxd.it/31L8
2025-02-08,Tokyo Pop,1988,https://boxd.it/5EkY
2025-02-08,Dead Man's Shoes,2004,https://boxd.it/1R6C
2025-02-09,De Palma,2015,https://boxd.it/bZDk
2025-02-12,On the Silver Globe,1988,https://boxd.it/1sAM
2025-02-13,Meshes of the Afternoon,1943,https://boxd.it/1sEE
2025-02-14,Better Man,2024,https://boxd.it/u6t8
2025-02-14,Identity,2003,https://boxd.it/26e2
2025-02-15,Possession,1981,https://boxd.it/1BPm
2025-02-19,Tatami,2023,https://boxd.it/F0qE
2025-02-25,Margaret,2011,https://boxd.it/2kbm
2025-03-04,No Other Land,2024,https://boxd.it/KOTG
2025-03-08,Billy Lynn's Long Halftime Walk,2016,https://boxd.it/9g2Y
2025-03-09,Punishment Park,1971,https://boxd.it/1tJK
2025-03-09,AGGRO DR1FT,2023,https://boxd.it/HJrw
2025-03-11,Landscape in the Mist,1988,https://boxd.it/JRy
2025-03-19,Paterson,2016,https://boxd.it/cRk2
2025-03-19,The Comedy,2012,https://boxd.it/2XNO
2025-03-20,The Virtues,2019,https://boxd.it/meja
2025-03-27,Misericordia,2024,https://boxd.it/Efxy
2025-03-27,Twenty Five Twenty One,2022,https://boxd.it/AacW
2025-03-28,Gaslight,1944,https://boxd.it/1PYs
2025-03-28,Rebecca,1940,https://boxd.it/2aQa
2025-03-28,The Housemaid,1960,https://boxd.it/WJs
2025-03-28,Diabolique,1955,https://boxd.it/29we
2025-03-28,Wild Things,1998,https://boxd.it/29Zq
2025-03-28,Bound,1996,https://boxd.it/1Z1g
2025-04-01,La Cocina,2024,https://boxd.it/Aula
2025-04-08,The Conformist,1970,https://boxd.it/20cE
2025-04-08,The Searchers,1956,https://boxd.it/25HC
2025-04-13,The Ballad of Wallis Island,2025,https://boxd.it/GqT0
2025-04-13,The Assessment,2024,https://boxd.it/Ogf6
2025-04-23,The Human Condition I: No Greater Love,1959,https://boxd.it/1jAy
2025-04-23,Andrei Rublev,1966,https://boxd.it/29lg
2025-04-23,Rehearsals for Retirement,2007,https://boxd.it/g46y
2025-04-25,Love & Basketball,2000,https://boxd.it/1Nu6
2025-05-04,Pale Flower,1964,https://boxd.it/dGS
2025-05-04,Demon Pond,1979,https://boxd.it/3TF4
2025-05-04,Semiotic Plastic,2021,https://boxd.it/wgk0
2025-05-17,Fuori,2025,https://boxd.it/O1oM
2025-05-17,Alpha,2025,https://boxd.it/N008
2025-05-17,The Phoenician Scheme,2025,https://boxd.it/H0Ca
2025-05-17,"Die, My Love",2025,https://boxd.it/D5cI
2025-05-17,Sirat,2025,https://boxd.it/HxJo
2025-05-17,Two Prosecutors,2025,https://boxd.it/LTvG
2025-05-17,Eddington,2025,https://boxd.it/o6MC
2025-05-17,Young Mothers,2025,https://boxd.it/LclI
2025-05-17,Renoir,2025,https://boxd.it/RA8g
2025-05-17,The Mastermind,2025,https://boxd.it/Q7ge
2025-05-17,Sound of Falling,2025,https://boxd.it/Km9K
2025-05-17,Eagles of the Republic,2025,https://boxd.it/KkUk
2025-05-17,Bugonia,2025,https://boxd.it/qeWY
2025-05-17,Marty Supreme,2025,https://boxd.it/Off0
2025-05-17,One Battle After Another,2025,https://boxd.it/DUHM
2025-05-17,Deliver Me from Nowhere,,https://boxd.it/KJG8
2025-05-17,Sentimental Value,2025,https://boxd.it/GwcG
2025-05-17,After the Hunt,2025,https://boxd.it/Mdra
2025-05-17,Jay Kelly,2025,https://boxd.it/EsWw
2025-05-17,Hamnet,2025,https://boxd.it/woVy
2025-05-17,Frankenstein,,https://boxd.it/Ecsg
2025-05-17,The Ballad of a Small Player,,https://boxd.it/MuZ4
2025-05-17,The Smashing Machine,2025,https://boxd.it/syUC
2025-05-17,Ann Lee,,https://boxd.it/RTTU
2025-05-17,F1 The Movie,2025,https://boxd.it/yjVM
2025-05-17,Wake Up Dead Man: A Knives Out Mystery,,https://boxd.it/uAKS
2025-05-17,Materialists,2025,https://boxd.it/GZlW
2025-05-17,The Wave,2025,https://boxd.it/KHHo
2025-05-17,The Drama,,https://boxd.it/OA2w
2025-05-17,Untitled Christy Martin Biopic,,https://boxd.it/N6Ye
2025-05-17,Mission: Impossible – The Final Reckoning,2025,https://boxd.it/l7A2
2025-05-17,Becoming Led Zeppelin,2025,https://boxd.it/wobU
